[
    {
        "id_itog": 1,
        "id_product": 1,
        "id_shop": 2,
        "price": 120.11,
        "count": 54
    },
    {
        "id_itog": 2,
        "id_product": 2,
        "id_shop": 1,
        "price": 15.0,
        "count": 200
    },
    {
        "id_itog": 3,
        "id_product": 5,
        "id_shop": 1,
        "price": 23.0,
        "count": 15
    },
    {
        "id_itog": 4,
        "id_product": 3,
        "id_shop": 3,
        "price": 90.7,
        "count": 300
    },
    {
        "id_itog": 5,
        "id_product": 4,
        "id_shop": 2,
        "price": 450.0,
        "count": 4
    },
    {
        "id_itog": 6,
        "id_product": 6,
        "id_shop": 1,
        "price": 50.0,
        "count": 25
    },
    {
        "id_itog": 7,
        "id_product": 8,
        "id_shop": 1,
        "price": 5199.0,
        "count": 10
    },
    {
        "id_itog": 8,
        "id_product": 9,
        "id_shop": 1,
        "price": 31.0,
        "count": 24
    }
]