[
    {
        "id_product": 1,
        "name_product": "Рис 1 кг."
    },
    {
        "id_product": 2,
        "name_product": "Тетрадь 12 л."
    },
    {
        "id_product": 3,
        "name_product": "Тетрадь 60 л."
    },
    {
        "id_product": 4,
        "name_product": "Торт 1 кг."
    },
    {
        "id_product": 5,
        "name_product": "Ручка шариковая"
    },
    {
        "id_product": 6,
        "name_product": "Ручка гелевая"
    },
    {
        "id_product": 7,
        "name_product": "Циркуль"
    },
    {
        "id_product": 8,
        "name_product": "Офисное кресло"
    },
    {
        "id_product": 9,
        "name_product": "Линейка"
    },
    {
        "id_product": 10,
        "name_product": "Ножницы"
    }
]